entity,code,year,20_24_years_old,10_14_years_old,all_ages,70_years_old,30_34_years_old,15_19_years_old,25_29_years_old,50_69_years_old,age_standardized,15_49_years_old
Afghanistan,AFG,2017,4.38617197334,1.61827049279999,3.05078536451,5.27977235671,5.74990542336,3.43374976847,5.10502769873,6.13118270805,4.13634710028,5.01037151256
Albania,ALB,2017,2.43742427467,0.900395510494,2.60789622233,4.3995581055,2.40141750158999,2.00401357715,2.39839639224,3.66405169418,2.20841419824,2.48774661437
Algeria,DZA,2017,3.85447539978,1.75757779348999,3.69102048601,4.84827020873,4.63053418854,3.40412185036,4.25638565049999,5.40248320915,3.66109449605,4.52280768965
American Samoa,ASM,2017,2.88570800882,1.06362325796,2.78778846857,5.7460222231,2.97175380472,2.43816723976,2.86254410192,5.45137849688,2.93966806124,3.11550065724
Andean Latin America,,2017,2.88411313327999,1.02493233223,2.53832530878,4.66344253586,2.96604699868,2.35495790627,2.93379007871,4.40804648903999,2.61038511713,2.96900414351
Andorra,AND,2017,4.28908161156,1.82338775976,4.37248460677,4.82799375586,4.86224332934,3.50725658097999,4.627740207,4.88261672799,3.72953168612,4.80517730549
Angola,AGO,2017,4.90834624704,1.4955496823,3.02430760439999,7.32061010443,5.05953961663999,3.7535636663,4.94026277967,6.54824797824,4.16048419728,4.91244290674
Antigua and Barbuda,ATG,2017,2.66339426108,1.23907559061,2.84010983178,4.16748061623,2.89968522185,2.47984126862,2.77599056848,4.17924323648,2.55796305238,2.98722232612
Argentina,ARG,2017,5.30368080409,1.931189916,3.82907697364,4.20315684977,4.44212340867,4.49401310783,4.77105848185,4.56859288211,3.66548827189999,4.69559631799
Armenia,ARM,2017,2.84527726781,1.04505172186,3.18613028589999,6.19243921585,2.98072378654,2.32330415554,2.94131817717,4.71676871187999,2.75458269616,2.99691323942
Australasia,,2017,6.66971970728,2.52094830672,4.73631603581,4.02667858131,5.85672998384,5.56053627057,6.17467241116,4.84267326557,4.52468861623,5.96163515458
Australia,AUS,2017,6.7410070414,2.58844789548,4.85863575799,4.11912526559,5.97364164396,5.62767859197,6.26098638696,4.97737922143,4.62388098607,6.10128964422999
Austria,AUT,2017,3.7316735402,1.34434804331,3.85084839885,4.47193524319,4.14913097672,2.81027659748,3.95076657873,4.52897369621,3.2609699942,4.09572716105
Azerbaijan,AZE,2017,2.56054157337,1.00763962331,2.68428180261,5.87069738225999,2.76532779979,2.16237369496,2.6931685458,4.37665898365,2.59229296217,2.78296538123
Bahamas,BHS,2017,2.74933525957,1.27327822373,2.82168124718,4.29135890763,2.92790929026,2.55969440696,2.81767169486,4.25688635043,2.62663305543,3.04532890385999
Bahrain,BHR,2017,4.41075172716,1.71107660277,4.38626659555,5.38254246821,5.13574790833,3.57013356079,4.83055522895,5.67220149056,3.87910515284,5.07324819721
Bangladesh,BGD,2017,4.02313966995,1.24993202611,3.92079740616999,8.38387386768,4.57947560906,3.07335875204,4.21733480811,7.21723194920999,4.11061130998999,4.59950007075
Barbados,BRB,2017,2.96019660302,1.29387173911,3.28308976209,4.55955399646,3.06153885212,2.68391016102,2.97681787779,4.50461660965999,2.76332220362,3.22401973521
Belarus,BLR,2017,3.72888775454999,1.22272712888,5.02929389826,8.6623154789,4.53564124636,2.82465090165,4.20217908491,6.97966144008,4.02222608312,4.47653212568999
Belgium,BEL,2017,4.66707501990999,1.82158840378,4.65847729225,5.10557404101,5.27318026272,3.60504124609,4.91518509028,5.40818450307,4.10918615476,5.25397336915
Belize,BLZ,2017,3.15990330597,1.26604048862,2.67589413316,4.52992747342,3.24343393176,2.74452701207,3.16823671257,4.57022571072,2.83866680821,3.29092315905
Benin,BEN,2017,3.28635826160999,1.19083833684,2.56378900785,7.93020987520999,4.07007054286,2.64971526413999,3.67552823704,6.57356107629,3.62989898914,3.75288796793
Bermuda,BMU,2017,3.07313449176,1.33468006862,3.50809248985,4.85819401882,3.0524171269,2.77023779478,3.01305544329,4.58587427288,2.8262925466,3.299906664
Bhutan,BTN,2017,2.94559743712,1.10904971317,3.16948631536,7.3931446784,3.62207476986999,2.43518881615,3.25675245042999,6.47384287162,3.43933373821999,3.60684097395
Bolivia,BOL,2017,3.16673379183,1.01576404967,2.83257947513999,5.7509622487,3.5521116518,2.40335277879,3.37632006850999,5.50452394724,3.08590479324,3.41273069793
Bosnia and Herzegovina,BIH,2017,2.46169889503,0.945017613567,2.92029500714,4.96819791619999,2.5260806649,2.05762503989,2.50477136986,3.9329082118,2.3196099561,2.58012311009
Botswana,BWA,2017,4.06990330966,1.40471115659,3.65605505072999,7.71450708953,4.37998023097999,3.28476608201,4.14652437958,6.58752097499999,3.96812945655,4.45489427189
Brazil,BRA,2017,3.41746452148,2.11308849698,3.52967279844,5.36257154721,3.63381828041,3.11288506779999,3.52734356339,5.24078580493,3.29736759001,3.71186117537999
Brunei,BRN,2017,3.38260644744,1.43392593025,2.70885441367,3.36387874135,3.17047022641,2.98128874212,3.26912144588999,3.29784151272,2.56198290667,3.19532225035
Bulgaria,BGR,2017,2.54448543255,0.922594546779,3.42200711271,5.81040063226,2.67920115513,2.05531378148,2.61855337347999,4.55756067976,2.54314069114,2.80340546185
Burkina Faso,BFA,2017,3.34556580605,1.18200120492,2.57621713473,8.06792749142,4.2439584225,2.65015617716,3.82651172863,6.72013199442,3.6942535918,3.86195624945
Burundi,BDI,2017,3.46793999292,1.59590340286,2.65525871454,8.16786957925,3.86781047697,3.30980461877,3.63223826915,6.65802961069,3.72122770632,3.85021106032
Cambodia,KHM,2017,2.94845864896,1.11525459534,2.84212268817,6.19960641978,3.12143398001,2.56180156816,2.95438691251,5.95179059376,3.09494529697999,3.25797247183
Cameroon,CMR,2017,3.41648252602,1.2145880982,2.73508631298,8.17875016715,4.16906839695999,2.7371738,3.78400384422,6.78758719763,3.74564654244,3.86963297912
Canada,CAN,2017,5.67310651865,2.0336604347,4.25359604088,3.32419095745,5.271697547,4.90751468182,5.35740731781,4.40872240075999,3.98879207345,5.46096635793
Cape Verde,CPV,2017,3.84558715640999,1.29381803372999,3.91434517369999,8.26657619365,4.55604865608,2.98639901785999,4.20611497944,7.07812658953,4.08245123568,4.37478964063
Caribbean,,2017,3.20076203670999,1.29340562976999,3.24206279782,5.31939079590999,3.40170070788,2.79469806732999,3.26468039973,5.22804580524,3.06505896576,3.50814334622
Central African Republic,CAF,2017,5.02441239921,1.47180999818,3.45509847199,7.37763668989,5.18753762787999,3.79003087355,5.06090218244,6.62317919194,4.2117282286,5.02186624727
Central Asia,,2017,3.23236684208,1.07866890893,2.89246110079,6.52109895092,3.23963918054,2.54753255584,3.24507571398,4.92568989019,2.96912001627,3.26334163846
Central Europe,,2017,2.54151777643,0.870716307771,3.09038351864,5.00743257189,2.59183494519,1.99888794321,2.54664670923,4.24800953769,2.43871286018,2.74842373814
"Central Europe, Eastern Europe, and Central Asia",,2017,3.30112883513,1.00531161325,3.85769283056,6.86561761706,3.70603486099,2.45976117438,3.54048479270999,5.60963927839,3.24367448114,3.64375928744
Central Latin America,,2017,3.01640483315,0.977501747219,2.70305600561,4.61820647988,3.13743963935,2.32930126013,3.08252419308,4.39485009968,2.69777887738999,3.10489378121
Central Sub-Saharan Africa,,2017,4.70945132887,1.47395795032,3.07106496983,7.27480899131,4.83904708361,3.66092243619,4.73381608316,6.37611809718,4.01792465587,4.71825956103
Chad,TCD,2017,3.56902671591,1.35637006035,2.47541212248,8.27079574993,4.3956094612,2.97044006555,3.97465660539,6.87651484295,3.87483743869,4.03789687866
Chile,CHL,2017,5.83427586577,2.1837980527,4.37134127755,4.41060452867,4.94180640019,4.97119083644,5.27168768231,4.95637649002,4.05772314199999,5.23715771119
China,CHN,2017,2.48585841199,0.868518543757,4.15545483488,7.81017397062999,3.06294811365,1.96691963557,2.75787896982,6.92433956590999,3.31130589749999,3.37151832546
Colombia,COL,2017,2.52354584821,0.834541628955,2.28742694369,3.91984077978,2.46067228733,1.97163506874,2.48578041886,3.59118315685999,2.19615411587999,2.50029522297
Comoros,COM,2017,3.04167939555,1.43157444697,2.87614397988,7.33937094516,3.3911483781,2.91833293738999,3.18815134059999,6.02457209573,3.33011431331,3.46395673551
Congo,COG,2017,4.6505114203,1.48041302885,3.42426454601,7.24760612148,4.82797035983,3.62873513401,4.68428645781,6.34083020665,4.00829079152,4.7672803428
Costa Rica,CRI,2017,3.19182266372,1.09027015313999,3.10171110054999,4.77693714858,3.44354079763,2.48512846284,3.34248067667,4.67462657055,2.90478753344,3.36630704914999
Cote d'Ivoire,CIV,2017,3.01947177,1.06556239399999,2.49084218700999,7.3586946241,3.71399194896,2.39287284193,3.38283440234,6.09512690897,3.33798890428,3.48506535852
Croatia,HRV,2017,2.86694598446,1.01562746004,3.64584589573,6.1721216478,2.83853584654,2.30331136927,2.82232885022,4.85520987959,2.77984173234,3.02653705896
Cuba,CUB,2017,3.15988096887,1.29836856409,4.09462027628,6.08224464733,3.4962010242,2.76215057552,3.29553207645,5.86992215421,3.31913091377,3.76082383516999
Cyprus,CYP,2017,3.83517536118,1.77822334986,3.80158573149,4.42882486629,4.19443410535,3.28996504888,4.00210149272,4.42066218568,3.32811079018,4.17880741365
Czech Republic,CZE,2017,2.84234005754,0.984269857497,3.38806571959,5.35570382326,2.90600361428,2.25547250944,2.8616425152,4.55694583619,2.67538746628,3.05926117838
Democratic Republic of Congo,COD,2017,4.62650933586,1.46560485846999,3.02983855835,7.25296529125,4.74649466352,3.6235174555,4.64790660638,6.3048510347,3.95687176402,4.62996953681
Denmark,DNK,2017,3.56684737419,1.41219235522,3.80430899771999,4.45144887886,4.1086727445,2.78884557404,3.81953005293,4.64798584922,3.29188532482,4.08254756063
Djibouti,DJI,2017,3.33405941841,1.61328865124,3.08408319655,7.75231684704,3.76857174826,3.23982589258,3.51854005608,6.27882063231,3.60901012937,3.8339575417
Dominica,DMA,2017,2.78477032324,1.24458779158999,2.91743730407,4.31038878112,3.00609761324,2.51590862877,2.88179995046,4.25142034271,2.62964873616,3.05646017819
Dominican Republic,DOM,2017,3.06544193323,1.37382159129,2.98126999247999,5.26379068786,3.23617109293,2.81351111247,3.11915040097999,4.9959604867,2.97852252642,3.34388620428
East Asia,,2017,2.47705322337,0.870466020843,4.14290059782,7.77182239211,3.05931175885,1.9631759324,2.75233950411,6.89959690861,3.30201665068999,3.36387403849999
Eastern Europe,,2017,3.7969691811,1.02731397436,4.69446488465999,8.17767324888,4.41543086163,2.67184024738,4.18623158962999,6.52735796934,3.80243932621,4.31172559344
Eastern Sub-Saharan Africa,,2017,3.59775607369,1.54161776966,2.77246992986,8.43683348661,3.992271742,3.29227684353,3.76883116295,6.90039691771,3.82430490123999,3.94420983243
Ecuador,ECU,2017,3.51368532408,1.23654160164,2.94266240329,5.15430484908,3.26424672523,2.89471539086,3.35983244855999,4.90069864561,2.97711725822,3.38988005555
Egypt,EGY,2017,3.38104437661,1.458409707,2.97079006004,4.60181349237,4.05751393142,2.87598391625,3.72595985583,5.07369389544,3.23818185168,3.87423218863
El Salvador,SLV,2017,3.68679905386,1.1271143125,3.04740566091,4.81306403202,3.69671595362999,2.77480920042,3.70206512463,4.72063174896,3.02588721657,3.58388943269
England,,2017,4.70906571584,1.76082173373999,4.61805983301,5.13751203094,5.40906939964,3.72209368061,5.0944439299,5.42529135606,4.11939204713,5.23546676298
Equatorial Guinea,GNQ,2017,4.80154060684,1.47661097364,3.20880770853999,7.39810939138999,4.99429060853,3.68528272316,4.84037461207,6.61486094250999,4.16708998551,4.78563259105
Eritrea,ERI,2017,3.49773980584,1.58158809591,2.9135864929,8.72921965981,3.92379528912,3.30830126604,3.65881914526,7.01466195027,3.86737670292999,3.9249895729
Estonia,EST,2017,3.52902029601,1.35515718403,5.02522253759,9.0052550344,3.87955354497,2.92615863103,3.69642202083,6.91466998882999,3.84885421123,4.04909789999
Ethiopia,ETH,2017,3.65874558944,1.37953439347,2.72809961665,8.32051699242999,4.04587665471,3.13658925448,3.83033340043,6.94998660620999,3.8162659691,3.93275581765999
Fiji,FJI,2017,3.34893242157,1.0997884714,3.0886132747,6.19375658864,3.29626787286,2.67565746152,3.26017848295,5.8126615716,3.17189809853,3.46417483148
Finland,FIN,2017,6.67728167916999,2.10898624488,5.33686285331,5.65054167596,6.13704272604,4.80093583278,6.30235172973,5.92345766659,4.79273560626,6.2252983699
France,FRA,2017,4.57857841926999,1.95448827819,4.79285411628,5.5410971746,5.24243957281,3.67160588555,4.82206438783,5.63958676789,4.25380726277,5.32274979974999
Gabon,GAB,2017,4.72134120076,1.5069682514,3.63842973446,7.35830199326,4.80702100218,3.69771299384999,4.70518864609,6.38188119714999,4.04902903406,4.78005961035
Gambia,GMB,2017,3.78365812265999,1.55310894097999,3.09649781915,9.30445527208,4.57258395785,3.28660694238,4.16972140405,7.32669562571,4.15851745775999,4.30114909338
Georgia,GEO,2017,2.8252658319,1.05941490501,3.36285834258,6.35776432959,2.95455884707,2.34378774034,2.90377138128,4.85231783187,2.79737866325,3.01775564923
Germany,DEU,2017,4.55944611361,1.81621382243,4.63108567563,5.22634261914,4.91433083867,3.60398798297,4.71638873596,5.23769498363,3.95986609184,4.90752519001
Ghana,GHA,2017,3.11984506477,1.19475457821,2.77549284674999,7.35603948601,3.78504098597,2.57224954709,3.45605836875,6.07248842343,3.39664668903,3.57957153821
Greece,GRC,2017,4.84818512039999,2.36188329024,4.83658953528,5.37238277456999,5.26666337153,4.18667998283,5.05848753014,5.52225823139,4.18586369919,5.21656633594
Greenland,GRL,2017,10.3813452055999,3.16434987664,6.57790893241,4.10264178052,8.79051191422,8.55064957408,9.44128428463,6.26771442372,6.23363488551,8.96135269983
Grenada,GRD,2017,3.06830585974,1.26377426071,3.03558044281,4.43189400456,3.16682378013,2.69622256117,3.0893380898,4.46098615025,2.77006562469,3.25264024583
Guam,GUM,2017,4.33611133980999,1.19107869562,3.65151307318,6.25947441189999,3.65432750318999,3.23111699086,3.89561949397,6.009375499,3.49285552428,3.98489508845
Guatemala,GTM,2017,3.32000986023,1.21171523269,2.86699610113,5.67293651116,3.62315437605,2.72319450043,3.45394689825,5.49025339672,3.21602516868,3.53490146541
Guinea,GIN,2017,3.29503329713,1.18011974161,2.55903926285,7.55334764423,4.05698484875,2.65480382353,3.67704710286,6.40422866517,3.56093291107,3.74813282658
Guinea-Bissau,GNB,2017,3.29022669375,1.18862161691,2.61625696132,7.8650854415,4.14732547051,2.65806297701999,3.72251771635,6.60279402206,3.66543039362,3.81243926195
Guyana,GUY,2017,5.30685845758,1.53205913282,4.13408260924,6.1230579989,5.08675239423,4.01310303,5.13755702034,6.31085488159,4.14172362073,5.12429905358
Haiti,HTI,2017,3.32041750072,1.23583981684,2.63878843322,4.78627048509,3.50072862779999,2.79072595218,3.37617456724,4.88165920483,2.95778209292,3.48559442548999
High SDI,,2017,5.08184619868,1.99509794794,4.41932022654,4.56043454955,4.8631294879,4.40140324746,4.88168976769,5.00187369489,3.94200710409,5.04461713172
High-income,,2017,5.45962518692999,2.1087265658,4.51401176476,4.44305399486,5.26704581779,4.66474846674,5.29287690844,4.95169591821,4.11648589026,5.35751338341
High-income Asia Pacific,,2017,4.91151471107,1.21732811772,3.7435641582,3.95182499272999,4.39999634211,3.42048187938,4.63718261379999,3.95947977056,3.2709899415,4.29418471028
High-middle SDI,,2017,3.33616890925999,1.33422706727,4.17413692573,7.0817866813,3.83553024468999,2.81927461997,3.53680996993,6.3775786662,3.56849825679,3.94058567234
Honduras,HND,2017,2.69887713421,0.993081519923,2.37739881775,5.33200918559,3.05171542721,2.19633528217,2.89637481019999,4.92268051217999,2.75230112491,2.92569321896
Hungary,HUN,2017,2.60765572954,0.928825946434999,3.6609828828,6.05250025527,2.75627106197,2.09233247922,2.63645599072,5.14427787073,2.76524217857,3.04078678708
Iceland,ISL,2017,3.84719098899,1.53734472169,3.72551951219,4.55259194017,4.30043316603999,3.04935468683,4.07174893901,4.60999245318,3.36166521167999,4.16550207741
India,IND,2017,3.3514332135,0.870146339059,3.37395302969,7.79300728575999,3.86435984153,2.36091946328,3.57624741267999,6.63357239355,3.52985259667999,3.80346579842
Indonesia,IDN,2017,2.3176865259,0.894634495331,2.65361201950999,5.43160508398,2.68454602762999,2.00666292312,2.46079132105,5.11966852313,2.64273567514,2.8168964275
Iran,IRN,2017,5.98760263209,1.8346362745,5.50969018331,5.87113547282,7.11150093161,4.47429827692,6.57931127303,7.26461527351,5.11634462915,6.80671959981
Iraq,IRQ,2017,4.21292934689,1.42662464353,3.39207233683,4.74909370301,5.21027597481,3.17853946147999,4.7032491872,5.87589605174,3.89116288663,4.81986148551
Ireland,IRL,2017,5.51367798798999,2.00873323099,4.57070176879,4.79258869059,5.58172880494,4.15275848753,5.52218100333,5.3401225849,4.25092099742,5.48107141905
Israel,ISR,2017,4.5343506942,1.97596501454,3.89991044429,5.20881312178,4.87042325857,3.72049041689,4.70207731176,5.10369690243999,3.8322207094,4.7491809114
Italy,ITA,2017,3.96164429929,1.90272910707999,4.10667620844,4.79841534245,4.29100906323,3.41054802966,4.12240304147,4.63903372628,3.46425611654999,4.33481488194
Jamaica,JAM,2017,2.70366590373,1.24139258513,2.75382513152,4.29514567412,2.93315300783,2.51500168612,2.8031834583,4.23819787701,2.59238455271,2.97180844706
Japan,JPN,2017,5.24743066381999,1.13940200599999,3.7622690861,3.83042446858,4.54556886019999,3.45148581975,4.86978707406,3.91867823022,3.34156463103,4.4281665911
Jordan,JOR,2017,3.76904425533,1.69317587627999,3.31180769777,4.92325485552,4.55416833363,3.28092020119,4.17502087103,5.33033909871,3.56360229131,4.32024555135999
Kazakhstan,KAZ,2017,4.11447113941,1.18914364404999,3.54727483525,7.44572381740999,3.93946301353999,3.06746216904,4.02794214687,5.6315973072,3.51177487949,3.97671704267
Kenya,KEN,2017,3.33321293804,1.27222524617999,2.69922886027,7.97282590654,3.70472127142999,2.83912588964,3.51619459821,6.30063520445,3.50841859712,3.60628116555
Kiribati,KIR,2017,3.34213950595999,1.06028059448,2.68112428741,6.30161723668,3.33839893855,2.64220933989,3.26516533075,5.86503804744,3.17275363249,3.43786055098999
Kuwait,KWT,2017,3.91944918393,1.78915572003,4.02840351039999,4.56861230139,4.73315095987,3.42520987117,4.38044473975,5.18125551118,3.63567862084,4.68263808086
Kyrgyzstan,KGZ,2017,3.25861576651999,1.10307952861,2.78662908991,6.84773847121,3.34018080589,2.59366653661,3.31018971439,5.12413118785,3.05367302757,3.31718077599
Laos,LAO,2017,2.87650402258,1.01037226435,2.58006243941,5.66832002535,2.94214587357,2.38123074718,2.83373369931999,5.4884798334,2.91243136627,3.07138786606
Latin America and Caribbean,,2017,3.16473308257,1.39334480464999,3.03427789554,4.98347906681,3.33662244697,2.64821472355999,3.24677419371,4.81343499101,2.94638421448,3.35355016563999
Latvia,LVA,2017,3.04333744395,1.11279524347,4.63453229171,7.79388812283,3.8208884533,2.4059883102,3.4926437153,6.27345983456,3.4995706624,3.81563032547
Lebanon,LBN,2017,3.84377388321,1.61237968594,3.55506929127999,4.80760019437,4.74862011324,3.23599278361,4.35263550842,5.49467816579,3.67673423071,4.50893237903
Lesotho,LSO,2017,5.93611322879,2.12109803399,4.98050395822,11.2995404392,6.21087307444,4.94888920404,5.93176643339,9.30010033948,5.6366607037,6.27936683399999
Liberia,LBR,2017,3.57401274357999,1.26783435891999,2.85945074858,8.08772479620999,4.35132703184999,2.88829629075,3.94212577252,6.78052214406,3.80303819069999,4.0937582043
Libya,LBY,2017,4.07401213757,1.72152938174,3.84340766416,4.97202520821,4.94562064038,3.42816228427,4.53916628438,5.64309002367,3.80479105155999,4.7877790189
Lithuania,LTU,2017,3.96376746917999,1.21181923973,5.39673230208,8.60757759908,4.56232205338,2.94069148557,4.29041065328,7.27140736941999,4.14325442072,4.58956297054
Low SDI,,2017,3.54472726275,1.21712107461999,2.90741485093,7.42379141853,4.04953824738,2.82257802928,3.77737772805,6.44483439031,3.61699922965,3.90763021663
Low-middle SDI,,2017,3.44710855792,1.19540968378,3.26785079181,7.35671839837999,4.05607291329,2.69738660687,3.7336671011,6.54276838022,3.63161033398,3.94353835754
Luxembourg,LUX,2017,4.07693908466999,1.67765617655,4.16793155343,4.96875479387,4.60886918943,3.24239435924999,4.339102814,4.94335681298999,3.61771867848999,4.532774117
Macedonia,MKD,2017,2.40650059686,0.898296548706999,2.85018519354999,5.18026800666,2.50283537973,1.96315750441,2.47020037251,4.00085483987,2.33238575269,2.56007018126
Madagascar,MDG,2017,3.43924341061,1.55489417645,2.70671835566,8.24015798399,3.84975288011999,3.25434224094,3.61387300673,6.69447089752,3.70851421895,3.8425417225
Malawi,MWI,2017,3.17634625699,1.40310407264,2.52637742379,7.60632027456,3.59234252211999,2.92935796957,3.37502511121,6.30872676697,3.4461370206,3.51913197226
Malaysia,MYS,2017,3.04334839215,2.17834190505,3.52147820865999,6.55157959202,3.25850182932,4.028795772,3.05206044458,6.15921876971,3.5208539166,3.63634926876
Maldives,MDV,2017,2.85204063126,1.17646399735,3.01910990762,6.25041057962,3.01073439166,2.57789812316999,2.8510468422,5.83363022600999,3.09996968641,3.20110521009
Mali,MLI,2017,2.78565235199,0.987737722195,2.04499083575,6.37385160797,3.4508199406,2.20915676118,3.13223249265999,5.44671554614,3.00742001915,3.12201992396
Malta,MLT,2017,3.90651823422,1.82348016566,3.90475111146,4.50201353751,4.24971289097,3.35505445871999,4.10979335207,4.43811666397,3.37413733179,4.20087274885
Marshall Islands,MHL,2017,3.24659384244,1.06203289029,2.73151938692,6.07149197228,3.24082554089999,2.58097735231999,3.18011845419,5.75222028687,3.10434739605,3.37166915751
Mauritania,MRT,2017,2.79822926939999,1.07113669324,2.3575701386,6.63509337612999,3.4140128163,2.31589598816,3.10282651006,5.60340119886999,3.0941606819,3.20787063952
Mauritius,MUS,2017,3.57511847557,1.57625373162,4.08107964695,6.30030072513,3.53428399859,3.38766892872999,3.45149864012999,6.13590351868,3.47852434082,3.87546757323
Mexico,MEX,2017,3.10921423144999,0.957684378296999,2.80006415435,4.73457469154,3.25817141435999,2.34685609773,3.1892963772,4.53282968384,2.7888065701,3.21957317726
Micronesia (country),FSM,2017,3.30271946446,1.05340683177,2.86680473888,6.17832721403999,3.25710648316,2.60576408018,3.21154231862,5.79964583816,3.1346193916,3.38349547148
Middle SDI,,2017,2.85566728328,1.01112107314,3.44147011946,6.79185650195,3.24633984195,2.2867406414,3.01523057492,6.08163718645,3.17782681918,3.36938467332
Moldova,MDA,2017,3.06252141517,1.14340000994,4.24353960922,7.45217774882,3.64151535494,2.47415539075,3.37864551164,6.35966073819,3.43254927896,3.70446689821999
Mongolia,MNG,2017,4.09168303036,1.21045233866,3.38500213411,6.81288840231,4.0106836621,3.08702160286,4.02755575057,5.60970358742999,3.52548751693999,4.08576719897
Montenegro,MNE,2017,2.71690344767,0.924287689829,3.08440481795,5.41868633725,2.75382636239,2.13966206446,2.72112051191999,4.36838959358,2.55864017628,2.84432594456
Morocco,MAR,2017,5.56983043785,2.39655670561,5.54719200145,7.06172997173,6.87626859574,4.74501398768,6.19953837116,8.37801800355,5.41357318493,6.69417591991999
Mozambique,MOZ,2017,3.63071849728,1.58654706227999,2.73342727905,8.58667950161,4.09098208729,3.35832301491,3.8227833171,7.04140424714,3.90179522627,4.00448329742999
Myanmar,MMR,2017,1.7804279785,0.747197487807,2.28543074445,4.86457410903,2.26845855459,1.55849680235,1.98645268103,4.71943741211,2.30098157089,2.33037268741
Namibia,NAM,2017,3.61499251713,1.22629731623,2.99472084353,6.84395695411999,3.83262404465999,2.89551030021,3.66486473967,5.79211894708,3.45997036719,3.83131733315
Nepal,NPL,2017,3.15623728692,1.10498207273,3.26162023363,7.90096815894,3.91266750219,2.4995489542,3.51258783607,6.70840359682999,3.60693852559,3.73570644825999
Netherlands,NLD,2017,4.60330457691,1.93141524749,4.58925442192,5.12894495327999,5.08739750998,3.67979365588,4.82173015004,5.33733381327,4.02685440344,5.0555059138
New Zealand,NZL,2017,6.28551421732,2.19141351113,4.07316263849999,3.52263708502,5.09473039755,5.23697922893,5.65264564781,4.15646930206,3.97126536914999,5.17147643529
Nicaragua,NIC,2017,3.40664449925999,1.1092023979,2.68590232197,4.62529939721,3.26788690906,2.66119849106,3.31387950496,4.54536223288,2.85408391428,3.30566734109
Niger,NER,2017,3.18672745756,1.17979359587,2.16621866845,7.47449289972,3.85076028379999,2.61671440571,3.51571542072,6.25273896005,3.46305528566,3.5504114557
Nigeria,NGA,2017,3.56509657758,1.40933740668,2.79586863981,8.56534509892999,4.32576516543,3.03610842041,3.95126458390999,7.03001799462,3.91769128668999,4.06852191567
North Africa and Middle East,,2017,4.24195001397999,1.68092608732,3.85657610943,5.28859379177999,5.23221685161,3.47682380292,4.78637393774,5.97285116846,3.965409581,4.95215192068
North America,,2017,6.5760644553,2.64262565933,5.00609926826,3.76089218069,6.11066479651,6.15105517296,6.1827726873,5.22738130879,4.75280156655,6.4400179312
North Korea,PRK,2017,2.34021255354,0.930906537058,3.62826220713999,7.37273777516,2.89977576056,1.94261582808,2.58356678984,6.31263042922999,3.09084604725,3.12434716191
Northern Ireland,,2017,4.84707722481,2.09826310283,4.50678039512,4.96471696680999,5.53927953489,3.89628172061999,5.23872449446,5.20347362173,4.10562095072,5.26779723918
Northern Mariana Islands,MNP,2017,3.27499025091999,1.09221491448,3.61823501272,5.80067423755,3.19885003100999,2.63517573462999,3.1561382595,5.58436189875,3.09705485069,3.43884190065
Norway,NOR,2017,4.68031214368,1.54719688857,4.2005878711,4.50255301779,5.13537674488,3.5063810791,5.00372148204,4.84813888268,3.77191036995,4.87348316389
Oceania,,2017,3.39775704733,1.05531072987,2.64742699664,6.11804295902999,3.36286646888,2.65179300176999,3.31590419381,5.80482865783,3.16426493154,3.47209048453
Oman,OMN,2017,3.69563336831,1.70525812035,3.57175072771,5.03182095109,4.25829006116,3.33120190074,3.90591238584,5.14639045437,3.43395059643,4.23874581626
Pakistan,PAK,2017,2.98511752396,1.06273611286,2.7246921341,6.90752920679,3.73645572775999,2.37366886782999,3.35255991552,6.00830368390999,3.33127964276999,3.51632787736999
Palestine,PSE,2017,4.95967808756,2.39119383362,4.06301386538,6.12529832612,5.92801300846,4.47191791092,5.4328346609,6.81941501261,4.66507369588,5.60333429837
Panama,PAN,2017,2.87197752759,1.03080188936,2.72089687764,4.67298714819,3.10100784009,2.32594868939999,3.01027798162,4.40054553835,2.67902533528,3.05417320986
Papua New Guinea,PNG,2017,3.40538589138,1.05096483415,2.59043419652,6.12331198608,3.38086504788,2.65119766305,3.32920156365,5.81152342586,3.16866077711,3.48052562933999
Paraguay,PRY,2017,3.57502197585,1.43656327287,2.84385402625,4.71462963535,3.31307542681,3.03823354619,3.39793859456,4.63352805551,2.95883967432,3.45661573083
Peru,PER,2017,2.44785878844,0.911846992639,2.23415218654,4.16066812417,2.61651826995,2.00782952772,2.55849706253,3.83218466142,2.2763210016,2.59579094171
Philippines,PHL,2017,2.4210782316,1.08408510715,2.51184689354,5.76828119167,2.69737851479,2.27381070195,2.49640116582,5.34018147473,2.76517600939,2.84103108287
Poland,POL,2017,2.4695184777,0.754115561955,2.79445774913,4.10214343297,2.44797969663,1.84128767331999,2.41806763767,3.81909073376,2.25047189275,2.60347394722
Portugal,PRT,2017,4.79578636502,2.29886640639999,5.31048875301,6.52861043118,5.33052828844,4.12022304913,5.02882856307,6.08813237978999,4.42146054723,5.45555882725
Puerto Rico,PRI,2017,2.75995651359999,1.16924635698,3.30623869465,4.3508759725,3.01975563373,2.42303444582,2.86240025011,4.62643771533,2.72610806519,3.1442202805
Qatar,QAT,2017,3.54979389007999,1.76406866699999,4.0037342714,4.77078848959,4.45700795648,3.27121114379,4.02079090817,4.96386391053,3.48232719928,4.45250587493
Romania,ROU,2017,2.47490356685,0.900162523575999,2.99940975147,4.79789166938,2.52261215324,2.01190029195,2.47560355433,4.16742139273,2.35917358572,2.69135221274
Russia,RUS,2017,3.78671855251,0.964116813411,4.51886652641,7.82635043081,4.39716249728,2.59161959697,4.18332026201,6.29583234994999,3.70792495441,4.25083440863
Rwanda,RWA,2017,3.55182351887,1.75489218598,2.98504378729,8.6163823274,3.95887730316,3.52507883120999,3.72645704857,6.86751071193,3.86944962793,3.98129653221
Saint Lucia,LCA,2017,3.19038668132,1.28812553858,3.14942382149,4.56374055707,3.19843214983,2.76987772721,3.15205181543999,4.52894429353,2.83926837709,3.3592122829
Saint Vincent and the Grenadines,VCT,2017,3.21955414491,1.28675468909,3.09698694914,4.60973888453,3.25410255105,2.80041632931,3.19647485678,4.62050281422,2.85908939679,3.3799155303
Samoa,WSM,2017,3.19151402003,1.05904094561,2.59923494971,6.00925012523,3.12369658683,2.57198065445,3.08297010727,5.59281211373,3.03893806425,3.25631584976
Sao Tome and Principe,STP,2017,3.01348035864,1.20713740808,2.57088516319,6.42360001288,3.60443707449,2.56052469073,3.31229312204,5.3171794573,3.13631373424,3.42028913132
Saudi Arabia,SAU,2017,3.78674400638,1.67656310345,3.79370968894,4.72690880908,4.54033199897,3.29470297861999,4.18654117077,5.26620460625,3.53684672822,4.4525306613
Scotland,,2017,4.71582749776999,1.93008626193999,4.69018566533,4.75797598066999,5.87632445781,3.67890500004,5.41663145041,5.22894042007,4.16106667404,5.4443512348
Senegal,SEN,2017,2.97915778107,1.0903965832,2.53013608125,7.49289910616,3.69107979774,2.40072520122,3.34443253555,6.255920979,3.37049720751,3.43476613847
Serbia,SRB,2017,2.53120805968,0.890412542839,3.24302825273,5.7890287143,2.76290986806,1.99757623364999,2.65949539069,4.59228247011,2.57006816225999,2.80992982259
Seychelles,SYC,2017,2.57724967523,1.14560849354,3.15882663489,5.75537403649,2.75278815485,2.40123404065,2.59520104316,5.43780707949,2.88651359676,3.06921823714
Sierra Leone,SLE,2017,3.30886354779999,1.19262300451,2.67792001379,7.78914785754,4.05313415916,2.67405701273999,3.67374470478,6.46053366424,3.58150134848,3.75578198879
Singapore,SGP,2017,4.94896512274,1.7846213348,3.8652929793,4.7443995555,4.06342038743,4.09670325403,4.45755241958,4.24355929923999,3.43827107312999,4.27099999244
Slovakia,SVK,2017,2.46392298929,0.875954788719,2.98891553184,5.00493402987,2.58592065346999,1.96971117850999,2.52151344394,4.16791422406,2.40199854722,2.6826792539
Slovenia,SVN,2017,2.93029836368,1.00327354882,3.73314257091,6.12210511915999,3.00079554508,2.29952275339,2.96610299346,5.0174706055,2.86327766444,3.15846359653
Solomon Islands,SLB,2017,3.35145037891999,1.03951301947,2.51740820613,6.08375724372,3.34806843693,2.61241519513,3.28219651013,5.84027360179,3.15306797974,3.44060449962
Somalia,SOM,2017,3.47776796935,1.57392242095,2.64467289979,8.17052065131,3.94038356903999,3.27966997187999,3.67158115213,6.97397288928,3.78474821766,3.91292136218
South Africa,ZAF,2017,4.38609299936,1.18353303717,3.69185180851,7.31216404265,4.32636313748,3.20788201955,4.3166999896,5.99659596913,3.74587085056,4.35115318407
South Asia,,2017,3.35962928134,0.935026790428999,3.34323102957,7.78915298835,3.91404110875,2.42601584248,3.60669296926,6.63224330858,3.56644810165,3.83895335861
South Korea,KOR,2017,4.35266222099,1.33918118955,3.69397197352999,4.53309045698,4.17111302675,3.28347112443,4.26987217247,4.03461394611999,3.1656839582,4.04419938928
South Sudan,SSD,2017,3.44018099358,1.55966227967,2.58887843753,7.79151879391,3.96033762884,3.25081383764999,3.66397896135,6.5717066198,3.69914742873,3.91138519978999
Southeast Asia,,2017,2.44973070508,1.02079000728,2.86215158374,5.75991905704,2.78812650194,2.22268917709,2.56605419335,5.44160244422,2.80723941635,2.95630914906
"Southeast Asia, East Asia, and Oceania",,2017,2.47436232204,0.93798285378,3.73952488543,7.36392953956999,2.98059578698,2.07704504037,2.69983799688,6.56154773433,3.18087347563,3.23659682391
Southern Latin America,,2017,5.43656485901,1.97423254359,3.98167860805,4.26219187812999,4.57934419871,4.58245355493,4.91103650049,4.69574422757,3.77220599624,4.84097430155
Southern Sub-Saharan Africa,,2017,4.10858589161,1.19573925365,3.45668457264,7.41748167373,4.20938017089,3.06439816071999,4.13823596166,6.05934910134,3.69272688399,4.19449950514
Spain,ESP,2017,3.967729747,1.86035456851,4.13446487714,4.83300687515,4.37144990776,3.35012258566,4.15183343666,4.72424987082,3.53835929062,4.44917940100999
Sri Lanka,LKA,2017,3.9592752912,1.10468388966,3.73401556427,6.22967811567,3.61988146114,2.95748607392,3.68681573882,6.03312747123999,3.44332981583,3.9149161358
Sub-Saharan Africa,,2017,3.67198372112,1.40374692079,2.81146982049,8.02234655855,4.16458990662,3.11526799431,3.90890705766999,6.63632041283999,3.7761317399,4.01747324332
Sudan,SDN,2017,4.15786759063,1.55302067981,3.09613542787,4.82393918309,5.19862153507,3.29549261295,4.70284825032,5.56177992186,3.78145064600999,4.67383295983999
Suriname,SUR,2017,4.97747079677,1.55306377986,4.12912249654,6.07459823298,4.71961067726,3.90410899603,4.78671769595,6.14382679611,3.9735832253,4.87874257984
Swaziland,SWZ,2017,4.35772722328,1.3819748389,3.38587052549,7.96729492426,4.58002496873,3.39428118187,4.37935748067999,6.7659537129,4.06765436089,4.51862101024
Sweden,SWE,2017,5.75106349799,1.8257813404,5.03312383738,5.53757273340999,5.91148733071,4.18977895242,5.83414609131,5.90262545386,4.48791099421,5.79049188931
Switzerland,CHE,2017,4.31131103602,1.58025901545,4.31942520523,4.94044738243999,4.63175817103999,3.27222824120999,4.45882135659,5.03981951065,3.70805973731,4.639778475
Syria,SYR,2017,3.86227452451,1.68638928361,3.35418776759999,4.77632217671,4.69361554139,3.33720347205999,4.25820881594,5.31576296174,3.58207279899,4.41426529886
Taiwan,TWN,2017,2.15615306425,0.902622673426,3.95728789766,6.27196864386,2.98853776729,1.77847554117,2.55416838987,6.05281608192,3.01654274716,3.17304236029
Tajikistan,TJK,2017,2.59332326379,0.995024121304,2.1910213243,5.63441042258,2.79724600763999,2.17262827414,2.71793884481,4.37604221308,2.56396073374999,2.74152410084
Tanzania,TZA,2017,3.43302010874,1.58720389943,2.71971994306,8.16568445449,3.79089254877999,3.28133574931,3.58506235565,6.62220473979,3.68574813954,3.81251043147
Thailand,THA,2017,2.60767731706,1.13372091234999,3.81100602004999,6.18760141353999,3.0036706527,2.39473482832,2.72951194098999,6.01642507456,3.08505700381,3.36600839799
Timor,TLS,2017,3.04065114739,1.21992674544,2.5862303576,6.26768715543,3.16679515288,2.73243775189,3.0273616239,6.0119339796,3.13908658746999,3.27676865585
Togo,TGO,2017,3.29744813154,1.17949383285,2.81122769345,8.16416032949,4.11080106422999,2.64033250024,3.71076602117,6.64268019931,3.65672466831,3.85743769193
Tonga,TON,2017,2.90981673599,1.06333396466,2.64314063231999,5.79314224298,2.92158211533,2.44594271927,2.84914676722,5.45361135245,2.91896953129999,3.08487988555
Trinidad and Tobago,TTO,2017,3.98352167484,1.40784612408,3.70489854219,5.01547265639,3.84010903622,3.29001762242999,3.85275245288,5.07270833452,3.32993810661,4.01359246871
Tropical Latin America,,2017,3.42321286363,2.08629839462,3.50809378691,5.34855577652,3.62414757014,3.11003334598,3.52297239636,5.22676370364,3.28751510608,3.70397127404999
Tunisia,TUN,2017,3.98850740614,1.74516755786,4.20298352831,5.8617005142,4.84265260914,3.42807555577999,4.45565867063,6.10224213377,3.91518851805,4.73378454286
Turkey,TUR,2017,3.8075090043,1.82009383374,3.99314432011,5.04804263348,4.81228935915,3.42940875665,4.36307883844,5.50497166572,3.71865782785,4.58984079946
Turkmenistan,TKM,2017,3.09527085585,1.07390700489,2.69343845359,6.25245046922,2.97873174884,2.48068801681,3.02460958859,4.66557808442,2.82308579805999,3.05302149877
Uganda,UGA,2017,4.53688120864,2.15382014576,3.3491530636,11.0828609203,5.0100011287,4.44876662503,4.70677899803,8.84845140733999,4.91802815738,5.00371144791
Ukraine,UKR,2017,3.93846880988,1.18065635618999,5.18093839151,9.04523401101,4.54717771944,2.91595360096,4.30406340048,7.14128086592,4.07191539327,4.53886171534999
United Arab Emirates,ARE,2017,3.13462115383,1.36580923849,3.47897237697,4.06172901671,3.62262637718999,2.69445770929,3.28940282568,4.245110159,2.87742612715999,3.80713813379999
United Kingdom,GBR,2017,4.71898966628,1.79822452501,4.61743206443,5.08444743842,5.44884240066,3.73214735974,5.12642091786,5.38817253828,4.11952399117999,5.25241099119
United States,USA,2017,6.66745795096,2.69886077692,5.08941531334,3.81574756982999,6.20145052528999,6.26654374386,6.26679141376999,5.32507296666,4.83561040879,6.54394155069
United States Virgin Islands,VIR,2017,3.18556003556,1.33382980646,3.45384118571,4.80249091421,3.25743090961,2.81041222383,3.20173384874,4.70651900899,2.92518197398,3.42763486319999
Uruguay,URY,2017,5.06889502202999,1.57392536278,3.89979612848,4.24613978821,4.46237197491,3.89668473737,4.6680907294,4.68801369051,3.61757373192,4.62759123579
Uzbekistan,UZB,2017,3.21376784715,1.06067003212,2.71916874742,6.25869385203999,3.12852428037999,2.52978261079,3.16286643583,4.78053563063,2.88692362908,3.1700708255
Vanuatu,VUT,2017,3.36399189767,1.04832276507,2.56949524083,5.9867682804,3.29834546851,2.64082262076,3.26411032393,5.79644984561,3.12269497442,3.40771043314
Venezuela,VEN,2017,3.10379528445,1.04216116411,2.87173769969999,4.97886808367,3.27947589855,2.42023417977,3.21262827952999,4.68191323132,2.8145838578,3.23395177065
Vietnam,VNM,2017,2.44613518534999,1.05321844983,3.03119721783,5.92487218789,2.86314290836,2.24364941684,2.61843934243,5.62173322498,2.87945006517,3.01257696355
Wales,,2017,4.82006817356,2.05448002606,4.54635697379,4.83539374674,5.39993621762,3.89018094798,5.12335439548,5.16784114497,4.06928894939,5.21217928762
Western Europe,,2017,4.50309568998,1.87034334812999,4.50625520042,5.14385745825,4.96142696903,3.61941621664,4.72516198509,5.20123182322,3.92440370039,4.93157775641
Western Sub-Saharan Africa,,2017,3.37466866103,1.28487206062,2.65989570396,8.0532438409,4.11810549626,2.80406612612,3.75050746025,6.66115301539,3.69965439105,3.85049368886
World,OWID_WRL,2017,3.46585187289,1.24176512164,3.58850702054,6.23559787237,3.87959325252,2.8024042326,3.63219192603,6.02113304631,3.44108733973,3.91681272534
Yemen,YEM,2017,4.38785280643,1.61789848451,3.21538780859,5.20856497317,5.56456413539999,3.44666182185,5.03273740525,6.0341071669,4.01234641607,4.999408139
Zambia,ZMB,2017,3.32144935785,1.41952615465,2.58957962744,7.91172103028,3.82222599653,3.01944529959,3.54576691285,6.67302583251,3.64181116286,3.73288388541999
Zimbabwe,ZWE,2017,2.91006951985,1.07311818292,2.41574609913999,7.50311855725,3.32379627002,2.39304879065,3.08654304395,5.79047250831,3.19278911933999,3.23377711765
